title,time,location,borough,neighborhood,lat,lng,link,ticketLink,description
Pumpkin Smash,"November 9, 12 p.m. to 3 p.m.",Avenue C and 9th Street,,,,,https://www.nyc.gov/main/events/?permalinkName=pumpkin-smash&id=790876&sequence=1,,A fall-themed pumpkin smashing event.
Game of Zones,"November 7, 4 p.m. to 5:45 p.m.",1527 Jesup Avenue,,,40.8440334,-73.918761,https://www.nyc.gov/main/events/?permalinkName=game-of-zones&id=790956&sequence=1,,A basketball event at Jesup Avenue.
Discovery Hike: Camouflaged Critters,"November 9, 11 a.m. to 12:30 p.m.",Potter Avenue and Royal Oak Road,,,,,https://www.nyc.gov/main/events/?permalinkName=discovery-hike-camouflaged-critters&id=790896&sequence=1,,A nature hike focused on discovering camouflaged animals.
Fall Cleanup,"November 8, 9:30 a.m. to 12 p.m.",Icahn Stadium,,,40.7933017,-73.9252817,https://www.nyc.gov/main/events/?permalinkName=fall-cleanup&id=790916&sequence=1,,A community cleanup event at Icahn Stadium.
Jamaica Bay Bike Tour,"November 9, 11 a.m. to 12 p.m.",Salt Marsh Nature Center - East 33rd Street and Avenue U,,,,,https://www.nyc.gov/main/events/?permalinkName=jamaica-bay-bike-tour&id=790976&sequence=1,,A guided bike tour through Jamaica Bay.
Cheerful Dance Fitness,"November 8, 10:15 a.m. to 11 a.m.",361 Lewis Avenue,,,40.683043,-73.9348164,https://www.nyc.gov/main/events/?permalinkName=cheerful-dance-fitness&id=790936&sequence=1,,A dance fitness class.
Election Day,"November 4, All day",NYC Public Schools,Queens,Long Island City,40.7447,-73.9485,https://www.nyc.gov/main/events/?permalinkName=election-day&id=10723&sequence=1,,City Holiday. Students do not attend school. City offices closed. Post offices are open.
Down to Earth Park Slope Farmers Market,"November 5, 6 a.m. to 6 p.m.",4 STREET between 5 AVENUE and DEAD END Brooklyn,Brooklyn,,40.6782,-73.9442,https://www.nyc.gov/main/events/?permalinkName=down-to-earth-park-slope-farmers-market&id=527736&sequence=305,,"A farmers market event in Park Slope, Brooklyn."
Line Dancing,"November 5, 8 a.m. to 10 a.m.",Multipurpose Room in Betsy Head Park,,,,,https://www.nyc.gov/main/events/?permalinkName=line-dancing&id=806436&sequence=1,,The line dance incorporates low impact dances that are very easy to learn and enjoy!
Get health care support at St. Lukes Episcopal Church Food Pantry and Soup Kitchen,"November 5, 8:30 a.m. to 1 p.m.",777 E 222nd ST,,,40.8850133,-73.8589788,https://www.nyc.gov/main/events/?permalinkName=get-health-care-support-at-st-lukes-episcopal-church-food-pantry-and-soup-kitchen&id=814296&sequence=1,,Health insurance and health care support services at St. Lukes Episcopal Church.
"Arsenal Gallery: Vital Parks for All: Yesterday, Today, and Tomorrow","November 5, 9 a.m. to 5 p.m.",Arsenal in Central Park,Manhattan,Central Park,40.7829,-73.9654,https://www.nyc.gov/main/events/?permalinkName=arsenal-gallery-vital-parks-for-all-yesterday-today-and-tomorrow&id=798396&sequence=1,,"An exhibition on vital parks for all: yesterday, today, and tomorrow at Arsenal Gallery in Central Park."
Disaster Law Symposium,"November 5, 9 a.m. to 5 p.m.",Brooklyn Law School or Zoom,Brooklyn,,40.6782,-73.9442,https://www.nyc.gov/main/events/?permalinkName=disaster-law-symposium&id=791776&sequence=1,,"Disaster Law Symposium, hosted by NYCEM."
Interval Walking Sessions,"November 5, 9 a.m. to 10 a.m.",Athletic Courts in Torsney Playground,,,,,https://www.nyc.gov/main/events/?permalinkName=interval-walking-sessions&id=805196&sequence=1,,"Interval Walking Sessions consist of three segments: brisk, slow and a bodyweight exercise."
Pickleball Pandemonium!,"November 5, 9 a.m. to 10:30 a.m.",Gymnasium (Full) in Kwame Ture Recreation Center,,,,,https://www.nyc.gov/main/events/?permalinkName=pickleball-pandemonium&id=811056&sequence=1,,Adults and Seniors are invited to join NYC Parks at Kwame Ture Recreation Center for Pickleball Pandemonium!
RiseBoro Farmers Markets at Hope Ballfield,"November 5, 9 a.m. to 3 p.m.",KNICKERBOCKER AVENUE between GROVE STREET and MENAHAN STREET Brooklyn,Brooklyn,,40.6782,-73.9442,https://www.nyc.gov/main/events/?permalinkName=riseboro-farmers-markets-at-hope-ballfiled&id=528936&sequence=23,,Farmers Market in Brooklyn.
Riverside Field House: Fall Yoga,"November 5, 9:30 a.m. to 10:30 a.m.",102nd Street Field House in Riverside Park,,,,,https://www.nyc.gov/main/events/?permalinkName=riverside-field-house-fall-yoga&id=812456&sequence=1,,Join Yoga instructor Meg SantaMaria for a morning practice. Suitable for all fitness levels.
Team RIVER Volunteers,"November 5, 9:30 a.m. to 12:30 p.m.",Randall's Island Park,,,40.793939,-73.9176102,https://www.nyc.gov/main/events/?permalinkName=team-river-volunteers&id=794036&sequence=1,,Volunteer with Team RIVER (Randall's Island Volunteer Ecological Restorers) and help keep Randall's Island Park beautiful!
Team RIVER Volunteers,"November 5, 9:30 a.m. to 12:30 p.m.",Randall's Island Park,,,40.793939,-73.9176102,https://www.nyc.gov/main/events/?permalinkName=team-river-volunteers&id=794036&sequence=1,,Volunteer with Team RIVER (Randall's Island Volunteer Ecological Restorers) and help keep Randall's Island Park beautiful!
dev/ai/nyc,"Today, 5:30 PM","New York, New York",,,40.7127281,-74.0060152,https://luma.com/fy86k4w5,,Tech and AI focused event by Automattic Events
Solana on Wall St. Closing Cocktails,"Today, 5:30 PM",35 Wall St,,,40.7065485,-74.0099423,https://luma.com/54pdnlws,,Closing cocktails event by Skyline
"Cold, Hard Yield: On Tap at Pubkey","Today, 6:00 PM",Pubkey,,,40.732185,-74.0000205,https://luma.com/fsksqrn4,,Event by Botanix Labs & JÃºlia Gabrich at Pubkey
NYC FYSK Founder & Community Happy Hour,"Today, 6:00 PM","New York, New York",,,40.7127281,-74.0060152,https://luma.com/3np1gpnb,,Founder and community happy hour event by Rachel Eizner & Elizabeth Hernandez
Reve's Late Night Art Cafe,"Today, 6:00 PM",Verci Flatiron,Manhattan,Flatiron,40.7411,-73.9897,https://luma.com/hrbag5u6,,Late night art cafe by Verci & Reve at Verci Flatiron
"Studio, Style, Sips","Today, 6:00 PM","New York, New York",,,40.7127281,-74.0060152,https://luma.com/wm1mtire,,"Event by Le Lend, Brittney Khalsa Pilates & Third Tone"
Craft Club - Meetup #19,"Today, 6:30 PM",The Test Brewery,,,40.7144461,-73.9579248,https://luma.com/ckrcl2iu,,Craft Club meetup at The Test Brewery
New Wave Screening Theater Dinner Experience + Q&A,"Today, 6:30 PM",Welcome to Chinatown,Manhattan,Chinatown,40.7158,-73.997,https://luma.com/1zlkcvt6,,Theater dinner experience with Q&A by Harry Trinh & jackie wang at Welcome to Chinatown
"Religion in America: Faith, Identity, and Politics","Today, 7:00 PM","New York, New York",,,40.7127281,-74.0060152,https://luma.com/dbsopl3l,,Discussion event by Unmuted
Rough Draft: 2-Year Anniversary Edition - Presented by Craft & Release,"Tomorrow (Thursday), 5:00 PM",154 Scott Ave,,,40.7120728,-73.9230917,https://luma.com/n76n2t45,,2-year anniversary event by Craft & Release
Supermicro | Intel: Accelerate AI Infrastructure for Financial Services,"Tomorrow (Thursday), 5:00 PM",Glasshouse Chelsea,Manhattan,Chelsea,40.7465,-74.0014,https://luma.com/4ulzyb10,,AI infrastructure event by VentureBeat at Glasshouse Chelsea
NextFin NYBW,Thursday 5:30 PM,"New York, New York",,,40.7127281,-74.0060152,https://luma.com/pb62l4bk,,"Event by Ops @ EEF, Brian Baumann, Beth Jimenez & SmartContract."
Horseshoe Maximalism: How Polarization in Culture Creates Convergence,"Tomorrow (Thursday), 7:00 PM",Index Chinatown,Manhattan,Chinatown,40.7158,-73.997,https://luma.com/pe9wl87e,,Discussion event by Tony Wang at Index Chinatown
Skill 4 Skill,"Tomorrow (Thursday), 7:00 PM",696 Manhattan Ave,Manhattan,,40.7831,-73.9712,https://luma.com/ktqczc27,,Event at 696 Manhattan Ave
Anh Nguyen Artist Alley Opening,Friday 6:00 PM,Welcome to Chinatown,Manhattan,Chinatown,40.7158,-73.997,https://luma.com/t2q2uvhg,,Opening event by Harry Trinh & jackie wang. Welcome to Chinatown.
Cycol Gallery Opening - WHHW Exhibition,Friday 6:00 PM,Cycol Gallery,,,,,https://luma.com/47gr5bdo,,"Gallery opening by JT Liss, BONK!!!, Skyline & Steve 'Sweatpants' Irby."
Post NYC Marathon Recovery - mobius x Spear,November 8 10:00 AM,30 Broad St level a,,,,,https://luma.com/2z5ds0cd,,Recovery session by Caroline Turnbull at mobius & Julia at mobius.
Rollin Bagels & Coffee Meets Bagel Present: A Weekend of Meet-Cutes ðŸ¥¯â˜•,November 8 10:00 AM,McCarren Park,,,40.7211592,-73.9528793,https://luma.com/dpbzjigy,,Weekend event by Rollin Bagels at McCarren Park.
The Dumpling Circle Communal Cooking Experience,November 8 10:30 AM,Welcome to Chinatown,Manhattan,Chinatown,40.7158,-73.997,https://luma.com/k2zly7yc,,Communal cooking experience by The Dumpling Circle in Chinatown.
"KARO: ""STARPARTY"" Pop-Up Gallery",November 8 11:00 AM,21 Spring St,,,40.7218449,-73.9946759,https://luma.com/dcuo06ol,,Pop-up gallery by STUDIO KARO at 21 Spring St.
YUZU Festival,November 8 1:00 PM,617 W 46th St ph 6th,,,,,https://luma.com/n9413nfj,,Festival by Upstairs NYC at 617 W 46th St.
Notch Magazine 003: Currents Release Party,November 8 8:00 PM,220 Bogart St,,,,,https://luma.com/pkjhci3k,,Release party by Notch Magazine at 220 Bogart St.
"Bachateame, Poet!",November 9 5:00 PM,Bronx Music Hall,The Bronx,,40.8448,-73.8648,https://luma.com/19sq41oh,,Event by Scarlet G. at Bronx Music Hall.
NYU Tandon Future Labs x Morrison Foerster Catalyst SS25 AI Startup Showcase: The Elevator Pitch,November 10 5:45 PM,Morrison & Foerster LLP,,,,,https://luma.com/b4jiz471,,"AI startup showcase by Teal Willingham, Michael Frank, Morrison Foerster, Elliott Mack & 1 other."
How To Quit Your Corporate Job,"November 10 (Monday), 6:00 PM",Fabrik DUMBO,Brooklyn,DUMBO,40.7033,-73.9888,https://luma.com/f7vd9tiv,,"Career transition event by Sam Weintraub, Derek Kastner- Fabrik & Celina Lee at Fabrik DUMBO"
Batter Up NYC!,November 10 6:00 PM,"New York, New York",,,,,https://luma.com/BU-Nov2025,,"Event by Hustle Fund, Maxwell Harris, Wael Jabir, Nicole Simpson & 1 other."
pete's interactive art pop-up,November 10 7:30 PM,cha &,,,,,https://luma.com/wlfcouig,,Interactive art pop-up by Peter Cybriwsky at cha &.
From Vision to Viral: Creativity in the AI Era,November 11 5:00 PM,"New York, New York",,,,,https://luma.com/dyx8xpln,,"Event by Tony henry, DOORS NYC, 99 YARDS & Digital Fashion Week."
"SaaS Supper Club: Banking, Accounting & FP&A Tech Founders and Funders",November 12 5:30 PM,"New York, New York",,,,,https://luma.com/my9inh2z,,Supper club by Oriana Fuentes & Early Stage Labs.
(N)YC Alumni + Founder Friends Monthly #10 by NYC Founders Club,November 12 6:00 PM,"New York, New York",,,,,https://luma.com/7t7kruzq,,"Monthly gathering by Kevin Huang, Aakash Shah (NYC Founders Club) & Jordan Deasy."
NYC Commerce Club November Mixer,November 12 6:30 PM,"New York, New York",,,,,https://luma.com/nyccc-nov2025,,Mixer by Henry Johnson.
Beyond MWN Community Workshop: New York City,November 13 4:30 PM,"New York, New York",,,,,https://luma.com/mwnnyc25,,"Community workshop by Josh Stark, Josiah Forgath & Yina Huang."
CUDA Meet-Up by NVIDIA and Flox,November 13 5:00 PM,"New York, New York",,,,,https://luma.com/zsp8vc2n,,"Meet-up by Ron Efroni, JoAnn Peach, Ben Futoriansky & Flox."
Junto Founder Dinner (Hosted by Andrew & Friends),November 13 6:00 PM,"New York, New York",,,,,https://luma.com/nov13dinner,,"Founder dinner by Andrew Yeung, Seann Courtney, Charlie Stephens & Ashley Bluestein."
113th NY Hardware Meetup @ 10XBeta - Impactful HealthTech,November 13 6:30 PM,"Kings County, New York",,,,,https://luma.com/bpgs627j,,"Hardware meetup by Mercer Borris, Anthony Dzaba, Paul Vizzio & Nate."
NYC Experimentation Meetup,November 13 6:30 PM,873 Broadway #410,,,,,https://luma.com/gp5xxkoh,,Meetup by Morgan Scalzo & Sami Springman at 873 Broadway.
The Dinner Table at Grandma's Home (Flatiron),November 13 7:00 PM,Grandma's Home å¤–å©†å®¶,,,,,https://luma.com/DinnerTableGrandmasHome,,Dinner event by The Dinner Table Club at Grandma's Home.
Woofbowl Pupsgiving at Bond Vet,November 14 12:00 PM,625 Driggs Ave,,,,,https://luma.com/kcpsy5ib,,Pupsgiving event by Woofbowl at Bond Vet.
âœ¨ Junk Journaling Night âœ¨,November 14 5:30 PM,Moxy NYC Chelsea,Manhattan,Chelsea,40.7465,-74.0014,https://luma.com/16zbyee9,,Junk journaling night by Never Have I Ever Shop at Moxy NYC Chelsea.
Runner's High,November 15 10:00 AM,Alto Licensed Cannabis Dispensary,Queens,Long Island City,40.7447,-73.9485,https://luma.com/3u63zezk,,Running event by Caroline Turnbull at mobius & Julia at mobius.
NEW BOOK No.1 - Book Launch Event NYC,November 15 4:00 PM,"Kings County, New York",,,,,https://luma.com/sb1pddzk,,Book launch event by New Studio.
Viet Vui Night Market,November 15 5:00 PM,Welcome to Chinatown,Manhattan,Chinatown,40.7158,-73.997,https://luma.com/hd2bvgld,,Night market by Harry Trinh & jackie wang in Chinatown.
ALO WILLIAMSBURG: ALO STEPS OF GRATITUDE,November 16 11:00 AM,ALO,,,,,https://luma.com/xx4mika8,,Gratitude event by ALO at ALO Williamsburg.
Triple Canopy and Feral File present: StarQuest by Maya Man,November 18 6:00 PM,Gibney 280 Broadway,,,,,https://luma.com/gubek2i3,,Art presentation by Feral File and Triple Canopy at Gibney.
The New York Philosophy Club: Clinton Hill,November 19 7:00 PM,Brooklyn Masonic Temple,Brooklyn,,40.6782,-73.9442,https://luma.com/w4z4xw8h,,Philosophy club event by Ren Yu at Brooklyn Masonic Temple.
"Opus House Presents: First Times, First Drafts",November 20 7:30 PM,Apartment 5,,,,,https://luma.com/o4gd65rc,,Presentation by Opus House at Apartment 5.
Chinatown Holiday Market,November 21 12:00 PM,Kam Man Market,,,,,https://luma.com/sf34pxn7,,Holiday market at Kam Man Market.
Cafe Compute NYC,November 21 7:00 PM,"New York, New York",,,,,https://luma.com/f3vuq3rj,,"Event by Zhenwei Gao, Sarah Chieng, Allan Lvov, Monishee Matin & 4 others."
BRONX: Randall's Island Bird Walk with that quirky bird girl,November 23 3:00 PM,Ward's Island Bridge,,,,,https://luma.com/24lpk0yf,,Bird walk by steph that quirky bird girl at Ward's Island Bridge.
Rust NYC Unconf 2025: Our Biggest Event Yet!,"December 5 (Friday), 2:00 PM","New York, New York",,,,,https://luma.com/lt31g7a2,,Rust programming conference by Cole Lawrence & Ross Townsend
The Dinner Table at Gaia Restaurant (Herald Square),December 11 7:00 PM,Gaia Restaurant,,,,,https://luma.com/DinnerTableGaia,,Dinner event by The Dinner Table Club at Gaia Restaurant.
Line Dancing,"November 5, 2025, 8:00 AM - 10:00 AM","Multipurpose Room (in Betsy Head Park), Brooklyn",Brooklyn,,40.6782,-73.9442,https://www.nycgovparks.org/events/2025/11/05/line-dancing,,The line dance incorporates low impact dances that are very easy to learn and enjoy!
"Arsenal Gallery: Vital Parks for All: Yesterday, Today, and Tomorrow","November 5, 2025, 9:00 AM - 5:00 PM","Arsenal (in Central Park), Manhattan",Manhattan,Central Park,40.7829,-73.9654,https://www.nycgovparks.org/events/2025/11/05/arsenal-gallery-vital-parks-for-all-yesterday-today-and-tomorrow,,"Vital Parks for All: Yesterday, Today, and Tomorrow is an exhibition on the pivotal role the NYC Parks system has played in the vitality, health, and livability of the city throughout the past eight decades."
Woodlawn Wednesday: Forest Restoration in Van Cortlandt Park,"November 5, 2025, 9:00 AM - 12:00 PM","Woodlawn Playground (in Van Cortlandt Park), Bronx",The Bronx,,40.8448,-73.8648,https://www.nycgovparks.org/events/2025/11/05/woodlawn-wednesday-forest-restoration-in-van-cortlandt-park,,"Help restore the beautiful woodlands of Van Cortlandt Park's east side! Join us for Woodlawn Wednesdays, where volunteers like you play a vital role in preserving this important urban ecosystem."
Pickleball Pandemonium!,"November 5, 2025, 9:00 AM - 10:30 AM","Gymnasium (Full) (in Kwame Ture Recreation Center), Bronx",The Bronx,,40.8448,-73.8648,https://www.nycgovparks.org/events/2025/11/05/pickleball-pandemonium,,Adults and Seniors are invited to join NYC Parks at Kwame Ture Recreation Center for Pickleball Pandemonium!
Interval Walking Sessions,"November 5, 2025, 9:00 AM - 10:00 AM","Athletic Courts (in Torsney Playground), Queens",Queens,,40.7282,-73.7949,https://www.nycgovparks.org/events/2025/11/05/interval-walking-sessions,,"Interval Walking Sessions consist of three segments: brisk, slow and a bodyweight exercise."
Team RIVER Volunteers,"November 5, 2025, 9:30 AM - 12:30 PM","10 Central Road (in Randall's Island Park), Manhattan",Manhattan,,40.7831,-73.9712,https://www.nycgovparks.org/events/2025/11/05/team-river-volunteers,,Volunteer with Team RIVER (Randall's Island Volunteer Ecological Restorers) and help keep Randall's Island Park beautiful!
Team RIVER Volunteers,"November 5, 2025, 9:30 AM - 12:30 PM","Randall's Island Park, Manhattan",Manhattan,,40.7831,-73.9712,https://www.nycgovparks.org/events/2025/11/05/team-river-volunteers1,,Volunteer with Team RIVER (Randall's Island Volunteer Ecological Restorers) and help keep Randall's Island Park beautiful!
Team RIVER Volunteers,"November 5, 2025, 9:30 AM - 12:30 PM","Randall's Island Park, Manhattan",Manhattan,,40.7831,-73.9712,https://www.nycgovparks.org/events/2025/11/05/team-river-volunteers2,,Volunteer with Team RIVER (Randall's Island Volunteer Ecological Restorers) and help keep Randall's Island Park beautiful!
Riverside Field House: Fall Yoga,"November 5, 2025, 9:30 AM - 10:30 AM","102nd Street Field House (in Riverside Park), Manhattan",Manhattan,,40.7831,-73.9712,https://www.nycgovparks.org/events/2025/11/05/fall-field-house-yoga,,Join Yoga instructor Meg SantaMaria for a morning practice. Suitable for all fitness levels.
Planting at Shoelace park,"November 5, 2025, 9:30 AM - 12:00 PM","Shoelace Park, Bronx",The Bronx,,40.8448,-73.8648,https://www.nycgovparks.org/events/2025/11/05/planting-at-shoelace-park,,Join the Bronx River Alliance Wednesday November 5th from 9:30am-12pm for a native shrub/tree planting!
It's My Park at Asser Levy Playground,"November 5, 2025, 10:00 AM - 12:00 PM","Asser Levy Playground, Manhattan",Manhattan,,40.7831,-73.9712,https://www.nycgovparks.org/events/2025/11/05/its-my-park-at-asser-levy-playground,,Volunteers from Friends of Asser Levy Playground will do a general cleanup including raking and weeding at Asser Levy Playground.
It's My Park at Brower Park,"November 5, 2025, 10:00 AM - 12:30 PM","Brower Park Butterfly Garden (in Brower Park), Brooklyn",Brooklyn,,40.6782,-73.9442,https://www.nycgovparks.org/events/2025/11/05/its-my-park-at-brower-park,,Volunteer with Friends of Brower Park to assist with the butterfly garden expansion.
It's My Park at Stuyvesant Square,"November 5, 2025, 10:00 AM - 12:00 PM","Stuyvesant Square, Manhattan",Manhattan,,40.7831,-73.9712,https://www.nycgovparks.org/events/2025/11/05/its-my-park-at-stuyvesant-square,,"Volunteer with The Stuyvesant Park Gardeners for a general clean up including weeding, pruning, mulching and raking as weather allows at Stuyvesant Square West."
Senior Cardio Sculpt,"November 5, 2025, 10:30 AM - 11:30 AM","Sunnyside Community Services, Queens",Queens,Sunnyside,40.7433,-73.9196,https://www.nycgovparks.org/events/2025/11/05/senior-cardio-sculpt,,This low impact cardio workout consists of functional movement exercises designed to make daily activities easier to perform. Participants must be 60+ to attend this class.
Dance Fitness,"November 5, 2025, 10:30 AM - 11:15 AM",Pure Life Movement Studio,,,,,https://www.nycgovparks.org/events/2025/11/05/dance-fitness,,This Dance Fitness class provides easy-to-follow moves paired with exciting international pop rhythms!
Ongoing Outdoor Museum Exhibit: Alice's Terracotta Garden,"November 5, 2025, 11:00 AM - 3:00 PM","H.H. Biddle House (in Conference House Park), Staten Island",Staten Island,,40.5795,-74.1502,https://www.nycgovparks.org/events/2025/11/05/ongoing-museum-exhibit-alices-terracotta-garden,,Terra cotta sculpture garden featuring antique architectural ornaments from Tottenville's Atlantic Terra Cotta Co. (west side lawn of Biddle House). NYC Parks and the Tottenville Historical Society invite you to visit a unique collection of terracotta artifacts that chronicle turn-of-the-twentieth-century architectural styles common in New York City and across the United States.
Ongoing Museum Exhibit: Artist & Sculptor Donna Napoli-Steele: Out of the Box Biodiversity,"November 5, 2025, 11:00 AM - 3:00 PM","H.H. Biddle House (in Conference House Park), Staten Island",Staten Island,,40.5795,-74.1502,https://www.nycgovparks.org/events/2025/11/05/ongoing-museum-exhibit-artist-sculptor-donna-napolisteele-out-of-the-box-biodiversity,,"Donna Napoli-Steele Presents this art exhibit showcasing various forms of art pieces including sculptures, clay, watercolor, and paint."
Ongoing Museum Exhibit: New York's Brick & Terra Cotta Industries,"November 5, 2025, 11:00 AM - 3:00 PM","H.H. Biddle House (in Conference House Park), Staten Island",Staten Island,,40.5795,-74.1502,https://www.nycgovparks.org/events/2025/11/05/ongoing-museum-exhibit-new-yorks-brick-terra-cotta-industries,,NYC Parks and the Tottenville Historical Society invite you to visit a unique collection of terracotta artifacts and masonry bricks that chronicle turn-of-the-twentieth-century architectural styles common.
Ongoing Museum Exhibit: Out of the Box Biodiversity: Student Art,"November 5, 2025, 11:00 AM - 3:00 PM","Rutan-Becket House (in Conference House Park), Staten Island",Staten Island,,40.5795,-74.1502,https://www.nycgovparks.org/events/2025/11/05/ongoing-museum-exhibit-out-of-the-box-biodiversity-student-art,,"Out Of The Box Biodiversity Upcycled Cardboard Sculpture, Raku Fired Clay, Watercolor, Pen & Ink. Donna Napoli-Steele Presents Youth Art Featuring Pieces Completed by her Students."
Ongoing Museum Exhibit: Still Waters: Reflections of a Maritime Community,"November 5, 2025, 11:00 AM - 3:00 PM","Rutan-Becket House (in Conference House Park), Staten Island",Staten Island,,40.5795,-74.1502,https://www.nycgovparks.org/events/2025/11/05/ongoing-museum-exhibit-still-waters-reflections-of-a-maritime-community,,NYC Parks and the Tottenville Historical Society invite you to an exhibit celebrating the South Shore of Staten Island's maritime history and heritage.
Chair Yoga,"November 5, 2025, 12:00 PM - 1:00 PM","Baychester Library, Bronx",The Bronx,,40.8448,-73.8648,https://www.nycgovparks.org/events/2025/11/05/chair-yoga1,,Experience the benefits of yoga without getting down on the floor with our 60-minute Chair Yoga class.
Queens County Farm Hayrides!,"November 5, 2025, 1:00 PM - 4:00 PM","Queens County Farm Museum (in Queens Farm Park), Queens",Queens,,40.7282,-73.7949,https://www.nycgovparks.org/events/2025/11/05/queens-county-farm-hayrides,,Visit the Farm Store to purchase your ticket for a tractor-drawn hayride throughout the farm.
Wild Oyster Survey,"November 5, 2025, 2:00 PM - 4:00 PM","Little Hell Gate Salt Marsh (in Randall's Island Park), Manhattan",Manhattan,,40.7831,-73.9712,https://www.nycgovparks.org/events/2025/11/05/wild-oyster-survey,,Randall's Island Park Alliance is partnering with the Billion Oyster Project to conduct a wild oyster survey in the Little Hell Gate Salt Marsh!
Basketball Skills and Drills,"November 5, 2025, 3:30 PM - 5:30 PM","Dance Room (in St. James Recreation Center), Bronx",The Bronx,,40.8448,-73.8648,https://www.nycgovparks.org/events/2025/11/05/youth-basketball-with-daijuan,,Come Join our free youth basketball program
Bronx Green-Up's Pumpkin Smash 2025,"November 5, 2025, 3:30 PM - 5:30 PM","Lehman College, Bronx",The Bronx,,40.8448,-73.8648,https://www.nycgovparks.org/events/2025/11/05/bronx-greenups-pumpkin-smash-2025,,"Instead of letting those festive pumpkins contribute to climate change, come smash them at Lehman College and help transform pumpkins into compost for parks and community gardens."
Bodyweight Burn,"November 5, 2025, 4:30 PM - 5:30 PM","Multi-Use Room (in J. Hood Wright Recreation Center), Manhattan",Manhattan,,40.7831,-73.9712,https://www.nycgovparks.org/events/2025/11/05/bodyweight-burn,,Join me to increase your strength and endurance with this one-hour total body workout.
intenSati,"November 5, 2025, 5:15 PM - 6:15 PM","Oak Ridge (in Forest Park), Queens",Queens,,40.7282,-73.7949,https://www.nycgovparks.org/events/2025/11/05/intensati,,"In intenSati, we will prime your body, mind, and heart with this sweat-dripping, heart-pumping, mood-lifting cardio class (think dance meets kickboxing meets yoga)."
Beginner Yoga,"November 5, 2025, 6:00 PM - 6:45 PM","NYPL - Chatham Square Library, Manhattan",Manhattan,,40.7831,-73.9712,https://www.nycgovparks.org/events/2025/11/05/beginner-yoga,,"This class teaches basic yoga poses to enhance flexibility, mobility, and body awareness by incorporating movement with your breath."
Zumba,"November 5, 2025, 6:00 PM - 7:00 PM","Dance Room (in Highbridge Recreation Center), Manhattan",Manhattan,,40.7831,-73.9712,https://www.nycgovparks.org/events/2025/11/05/zumba,,"Zumba is a fusion of Latin, International and popular music dance themes creating a dynamic, exciting, effective fitness system!"
Caribbean Dance Fitness,"November 5, 2025, 6:00 PM - 7:00 PM",NYPL - Countee Cullen Library,,,,,https://www.nycgovparks.org/events/2025/11/05/caribbean-dance-fitness,,Caribbean Dance Fitness is a creative workout that fuses dance and aerobics.
Cardio Circuit Blast,"November 5, 2025, 6:00 PM - 7:00 PM","Rock Climbing Wall Room (in Gertrude Ederle Recreation Center), Manhattan",Manhattan,,40.7831,-73.9712,https://www.nycgovparks.org/events/2025/11/05/cardio-circuit-blast,,This high-energy total body workout will keep you moving with challenging yet fun bodyweight circuits.
Dance Fitness Energize,"November 5, 2025, 6:00 PM - 6:45 PM","Brownsville Neighborhood Health Action Center, Brooklyn",Brooklyn,Brownsville,40.6628,-73.9104,https://www.nycgovparks.org/events/2025/11/05/dance-fitness-energize,,This 45-minute dance fitness class is about dancing your way toward an active lifestyle!
Dance Fitness Beats,"November 5, 2025, 6:00 PM - 6:45 PM",Hudson Guild Fulton Community Center,,,,,https://www.nycgovparks.org/events/2025/11/05/dance-fitness-beats,,"This 45-minute Dance Fitness class is not just a great workout, but a great time as well!"
Mat Pilates,"November 5, 2025, 6:00 PM - 6:45 PM","NYC Department of Health and Mental Hygiene- Bedford-Stuyvesant Center, Brooklyn",Brooklyn,,40.6782,-73.9442,https://www.nycgovparks.org/events/2025/11/05/mat-pilates,,Mat Pilates is a beginner exercise class which concentrates on strengthening the body with an emphasis on core strength.
Bodyweight Circuit Training,"November 5, 2025, 6:30 PM - 7:15 PM","Sorrentino Rec Center (in Sorrentino Recreation Center), Queens",Queens,,40.7282,-73.7949,https://www.nycgovparks.org/events/2025/11/05/bodyweight-circuit-training,,This circuit training class combines bodyweight resistance training and conditioning to provide you with a dynamic full-body workout.
Total Body Fitness,"November 6, 2025, 8:00 AM - 9:00 AM","Gymnasium (in St. John's Recreation Center), Brooklyn",Brooklyn,,40.6782,-73.9442,https://www.nycgovparks.org/events/2025/11/06/total-body-fitness1,,"This fun low-impact full-body workout includes cardio, strength and balance exercises to improve your overall fitness."
"Arsenal Gallery: Vital Parks for All: Yesterday, Today, and Tomorrow","November 6, 2025, 9:00 AM - 5:00 PM","Arsenal (in Central Park), Manhattan",Manhattan,Central Park,40.7829,-73.9654,https://www.nycgovparks.org/events/2025/11/06/arsenal-gallery-vital-parks-for-all-yesterday-today-and-tomorrow,,"Vital Parks for All: Yesterday, Today, and Tomorrow is an exhibition on the pivotal role the NYC Parks system has played in the vitality, health, and livability of the city throughout the past eight decades."
Trail Work Thursdays,"November 6, 2025, 9:00 AM - 12:00 PM","VCPA Garden & Compost Site (in Van Cortlandt Park), Bronx",The Bronx,,40.8448,-73.8648,https://www.nycgovparks.org/events/2025/11/06/trail-work-thursdays,,Be a part of the community effort to maintain the trails in Van Cortlandt Park.
Field House: Moving for Life,"November 6, 2025, 9:30 AM - 10:30 AM","102nd Street Field House (in Riverside Park), Manhattan",Manhattan,,40.7831,-73.9712,https://www.nycgovparks.org/events/2025/11/06/field-house-moving-for-life,,"Moving for Life is a gentle workout that begins with breathing exercises, then moves into active aerobic dancing that strengthens body awareness."
Total Body Fitness,"November 6, 2025, 10:30 AM - 11:30 AM","Brooklyn Public Library - Park Slope, Brooklyn",Brooklyn,Park Slope,40.671,-73.9778,https://www.nycgovparks.org/events/2025/11/06/total-body-fitness,,"This fun low-impact full-body workout includes cardio, strength and balance exercises to improve your overall fitness."
Ongoing Outdoor Museum Exhibit: Alice's Terracotta Garden,"November 6, 2025, 11:00 AM - 3:00 PM","H.H. Biddle House (in Conference House Park), Staten Island",Staten Island,,40.5795,-74.1502,https://www.nycgovparks.org/events/2025/11/06/ongoing-museum-exhibit-alices-terracotta-garden,,Terra cotta sculpture garden featuring antique architectural ornaments from Tottenville's Atlantic Terra Cotta Co. (west side lawn of Biddle House). NYC Parks and the Tottenville Historical Society invite you to visit a unique collection of terracotta artifacts that chronicle turn-of-the-twentieth-century architectural styles common in New York City and across the United States.
Ongoing Museum Exhibit: Artist & Sculptor Donna Napoli-Steele: Out of the Box Biodiversity,"November 6, 2025, 11:00 AM - 3:00 PM","H.H. Biddle House (in Conference House Park), Staten Island",Staten Island,,40.5795,-74.1502,https://www.nycgovparks.org/events/2025/11/06/ongoing-museum-exhibit-artist-sculptor-donna-napolisteele-out-of-the-box-biodiversity,,"Donna Napoli-Steele Presents this art exhibit showcasing various forms of art pieces including sculptures, clay, watercolor, and paint."
Ongoing Museum Exhibit: New York's Brick & Terra Cotta Industries,"November 6, 2025, 11:00 AM - 3:00 PM","H.H. Biddle House (in Conference House Park), Staten Island",Staten Island,,40.5795,-74.1502,https://www.nycgovparks.org/events/2025/11/06/ongoing-museum-exhibit-new-yorks-brick-terra-cotta-industries,,NYC Parks and the Tottenville Historical Society invite you to visit a unique collection of terracotta artifacts and masonry bricks that chronicle turn-of-the-twentieth-century architectural styles common.
Ongoing Museum Exhibit: Out of the Box Biodiversity: Student Art,"November 6, 2025, 11:00 AM - 3:00 PM","Rutan-Becket House (in Conference House Park), Staten Island",Staten Island,,40.5795,-74.1502,https://www.nycgovparks.org/events/2025/11/06/ongoing-museum-exhibit-out-of-the-box-biodiversity-student-art,,"Out Of The Box Biodiversity Upcycled Cardboard Sculpture, Raku Fired Clay, Watercolor, Pen & Ink. Donna Napoli-Steele Presents Youth Art Featuring Pieces Completed by her Students."
Ongoing Museum Exhibit: Still Waters: Reflections of a Maritime Community,"November 6, 2025, 11:00 AM - 3:00 PM","Rutan-Becket House (in Conference House Park), Staten Island",Staten Island,,40.5795,-74.1502,https://www.nycgovparks.org/events/2025/11/06/ongoing-museum-exhibit-still-waters-reflections-of-a-maritime-community,,NYC Parks and the Tottenville Historical Society invite you to an exhibit celebrating the South Shore of Staten Island's maritime history and heritage.
Cardio Sculpt,"November 6, 2025, 11:00 AM - 12:00 PM","Queensbridge Park House (in Queensbridge Park), Queens",Queens,,40.7282,-73.7949,https://www.nycgovparks.org/events/2025/11/06/cardio-sculpt,,This cardio workout consists of functional movement exercises designed to make daily activities easier to perform.
Step Aerobics,"November 6, 2025, 11:00 AM - 12:00 PM","Dance Room (in St. James Recreation Center), Bronx",The Bronx,,40.8448,-73.8648,https://www.nycgovparks.org/events/2025/11/06/step-aerobics,,"Step Aerobics is a cardio workout that will elevate your heart rate, strengthen muscles, and improve coordination and balance."
Greenbelt Adult Hike - High Rock Park - Pouch Camp,"November 6, 2025, 11:00 AM - 1:00 PM","High Rock Gate (in High Rock Park), Staten Island",Staten Island,,40.5795,-74.1502,https://www.nycgovparks.org/events/2025/11/06/greenbelt-adult-hike-high-rock-park-pouch-camp,,Enjoy a crisp and colorful hike through High Rock Park and around Orbach Lake located in Pouch Boy Scout Camp.
Queens County Farm Hayrides!,"November 6, 2025, 1:00 PM - 4:00 PM","Queens County Farm Museum (in Queens Farm Park), Queens",Queens,,40.7282,-73.7949,https://www.nycgovparks.org/events/2025/11/06/queens-county-farm-hayrides,,Visit the Farm Store to purchase your ticket for a tractor-drawn hayride throughout the farm.
Alignment Yoga,"November 6, 2025, 1:00 PM - 2:00 PM","New York Public Library - Morningside Heights Branch, Manhattan",Manhattan,Morningside Heights,40.8108,-73.9606,https://www.nycgovparks.org/events/2025/11/06/alignment-yoga,,"This yoga session is designed to help you better understand how the body works by focusing on improving balance, strength, and flexibility."
RiseBoro Farmers Markets at Hope Ballfiled,"November 5, 9 a.m. to 3 p.m.",KNICKERBOCKER AVENUE between GROVE STREET and MENAHAN STREET Brooklyn,Brooklyn,,40.6782,-73.9442,https://www.nyc.gov/main/events/?permalinkName=riseboro-farmers-markets-at-hope-ballfiled&id=528936&sequence=23,,A farmers market event in Brooklyn.
Gypsy,November 21 onwards,New York,,,,,https://eventlume.com/events/new-york/gypsy-38971,,A new revival of the classic musical about an ambitious stage mother.
Vital Signs: Artists And The Body,November 3 onwards,New York,,,,,https://eventlume.com/events/new-york/vital-signs-artists-and-the-body-411103,,An exhibition exploring the body and identity through art.
Sunset Boulevard,September 28 onwards,New York,,,,,https://eventlume.com/events/new-york/sunset-boulevard-29017,,A captivating musical about a faded movie star's obsession with fame.
"Cosplay, Celebrities, and Cultural Icons Steal the Show at New York Comic Con 2025",November 4,New York,,,,,https://eventlume.com/events/new-york/cosplay-celebrities-and-cultural-icons-steal-the-show-at-new-york-comic-con-2025-2324143,,The annual pop culture event expanded its professional programming and showcased popular comics.
Bottled Gas and Maids: 2 Films Directed by Simone Federman,"Wednesday, November 5",New York,,,,,https://eventlume.com/events/new-york/bottled-gas-and-maids-2-films-directed-by-simone-federman-2253601,,A screening of two short silent films exploring complex themes.
"Access Community Day: Identity, Culture, and Community","Wednesday, November 5",New York,,,,,https://eventlume.com/events/new-york/access-community-day-identity-culture-and-community-2265499,,A multi-sensory tour and artmaking workshop for families.
Maybe Happy Ending,October 16 onwards,New York,,,,,https://eventlume.com/events/new-york/maybe-happy-ending-12871,,A new musical about the small things that make life worth living.
The Last Five Years,March 18 onwards,New York,,,,,https://eventlume.com/events/new-york/the-last-five-years-56017,,The Last Five Years is a musical about love and dreams.
Joshua Bell & Dalia Stasevska,November 6 - November 8,New York,,,,,https://eventlume.com/events/new-york/joshua-bell-dalia-stasevska-1848007,,A concert honoring the Ukrainian people featuring Joshua Bell.
A Current Affair: Pop Up Vintage Marketplace in Brooklyn,November 8 - November 9,Brooklyn,Brooklyn,,40.6782,-73.9442,https://eventlume.com/events/new-york/a-current-affair-pop-up-vintage-marketplace-in-brooklyn-2000575,,Shop the best vintage clothing and accessories in Brooklyn.
Water for Elephants,February 24 onwards,New York,,,,,https://eventlume.com/events/new-york/water-for-elephants-94537,,A young man's journey with a traveling circus leads to unexpected love and adventure.
Inoha,November 6 - November 7,"Le Poisson Rouge, New York",,,,,https://eventlume.com/events/new-york/inoha-1805941,,A concert featuring INOHA at Le Poisson Rouge.
Visualizing Time with Stephen Wilkes,November 6,New York,,,,,https://eventlume.com/events/new-york/visualizing-time-with-stephen-wilkes-2149705,,Photography event featuring Stephen Wilkes.
Early Morning Opening: Traditions Aboard Intrepid,November 8,"Intrepid, New York",,,,,https://eventlume.com/events/new-york/early-morning-opening-traditions-aboard-intrepid-1518571,,An early morning event for families with children with autism.
Dowba Montana,November 15,New York,,,,,https://eventlume.com/events/new-york/dowba-montana-1817407,,A Dominican cultural event in New York City.
"Harmony And Dissonance: Orphism In Paris, 1910â€“1930",October 13 onwards,New York,,,,,https://eventlume.com/events/new-york/harmony-and-dissonance-orphism-in-paris-19101930-23221,,This exhibition explores the vibrant abstract art of Orphism.
El Gran Combo De Puerto Rico and Grupo Niche,November 7,New York,,,,,https://eventlume.com/events/new-york/el-gran-combo-de-puerto-rico-and-grupo-niche-1326727,,Join the concert featuring El Gran Combo De Puerto Rico and Grupo Niche.
64th Season Gala,"Wednesday, November 5","La MaMa, New York",,,,,https://eventlume.com/events/new-york/64th-season-gala-2038123,,Join La MaMa for their 64th Season Gala honoring Frank Carucci.
MOCA TALKS with Pok Chi Lau â€“ Toishan Diaspora in the Americas,"Wednesday, November 5","MOCA, New York",,,,,https://eventlume.com/events/new-york/moca-talks-with-pok-chi-lau-toishan-diaspora-in-the-americas-2185507,,A conversation with artist Pok Chi Lau about the Toishan diaspora.
Brian Schaefer + Wesley Morris: Town & Country,"Wednesday, November 5",New York,,,,,https://eventlume.com/events/new-york/brian-schaefer-wesley-morris-town-country-2210725,,Join us for a release event with Brian Schaefer.
Stories of Service,November 6,New York,,,,,https://eventlume.com/events/new-york/stories-of-service-2284795,,An evening of live storytelling featuring veterans' accounts.
Pickwick Vintage Show,November 16,New York,,,,,https://eventlume.com/events/new-york/pickwick-vintage-show-2313091,,A showcase of vintage clothing and accessories.
Aladdin: The Hit Broadway Musical,February 26 onwards,"Broadway, New York",,,,,https://eventlume.com/events/new-york/aladdin-the-hit-broadway-musical-2341,,A thrilling new production of the timeless story of Aladdin.
Ages of Enchantment 2025,November 15,New York,,,,,https://eventlume.com/events/new-york/ages-of-enchantment-2025-1958347,,Ages of Enchantment 2025 features traditional Japanese arts.
Thornton Wilder's The Long Christmas Dinner,November 9 - November 10,New York,,,,,https://eventlume.com/events/new-york/thornton-wilders-the-long-christmas-dinner-2100619,,A staged reading of Thornton Wilder's one-act masterpiece.
Perfume De Gardenia,November 7,"United Palace, New York",,,,,https://eventlume.com/events/new-york/perfume-de-gardenia-2132209,,A performance event featuring 'Perfume de Gardenia'.
Between Us: Artists in Conversation,November 6,New York,,,,,https://eventlume.com/events/new-york/between-us-artists-in-conversation-2175661,,A conversation series featuring artists Jessica Stockholder and Adrian Wong.
Signing with Nia Sioux,"Wednesday, November 5",New York,,,,,https://eventlume.com/events/new-york/signing-with-nia-sioux-2249281,,Join Nia Sioux for a book signing event.
WFMU Record Fair Two Day Pass + Saturday Early Admission,November 8 - November 9,New York,,,,,https://eventlume.com/events/new-york/wfmu-record-fair-two-day-pass-saturday-early-admission-2249911,,A two-day record fair featuring live music and film screenings.
People Like Us,"Tuesday, November 4 - Wednesday, November 5",New York,,,,,https://eventlume.com/events/new-york/people-like-us-2258119,,A play exploring the emotional lives of high-schoolers.
South Street Seaport Museum Indigenous Dance Stories: Native American Heritage Month with Bare Feet,November 6,"South Street Seaport Museum, New York",,,,,https://eventlume.com/events/new-york/south-street-seaport-museum-indigenous-dance-stories-native-american-heritage-month-with-bare-feet-2308465,,"An evening of dance, film, and storytelling honoring Indigenous voices."
Sumo,December 31,New York,,,,,https://eventlume.com/events/new-york/sumo-126073,,"The New York premiere of Lisa Sanaye Dring's drama, Sumo."
"Good Night, and Good Luck",March 12 onwards,"Broadway, New York",,,,,https://eventlume.com/events/new-york/good-night-and-good-luck-471925,,An electrifying stage adaptation of the critically acclaimed film.
"Opening Night: Connections Made, Missed, and Yearned for","Wednesday, November 5",New York,,,,,https://eventlume.com/events/new-york/opening-night-connections-made-missed-and-yearned-for-2180953,,Celebrate films and filmmakers at the festival's opening night.
Edge of Illusion,"Wednesday, November 5",New York,,,,,https://eventlume.com/events/new-york/edge-of-illusion-2292517,,Contemporary exhibition featuring Zoya Frolova and Janis Jakobsons.
Stereophonic,April 2 onwards,"Broadway, New York",,,,,https://eventlume.com/events/new-york/stereophonic-21259,,Stereophonic is a performing arts event featuring Glen Close and John Lithgow.
BOOP! The Betty Boop Musical,March 11 onwards,"Broadway, New York",,,,,https://eventlume.com/events/new-york/boop-the-betty-boop-musical-32563,,A new Broadway-bound musical-comedy featuring Betty Boop.
Rising Rivers: A Benefit for Kerr County,"Wednesday, November 5",New York,,,,,https://eventlume.com/events/new-york/rising-rivers-a-benefit-for-kerr-county-1721089,,An evening of music and community support for flood relief.
Phil Rosenthal,November 7,"Capitol Theatre, New York",,,,,https://eventlume.com/events/new-york/phil-rosenthal-1921465,,Phil Rosenthal performing live at Capitol Theatre.
Mark Z. Danielewski: Tom's Crossing,November 6,New York,,,,,https://eventlume.com/events/new-york/mark-z-danielewski-toms-crossing-2127925,,Join author Mark Z. Danielewski for a discussion of his new novel.
MOCA TALKS with Beth Lew-Williams,November 6,New York,,,,,https://eventlume.com/events/new-york/moca-talks-with-beth-lew-williams-2192185,,A conversation with Beth Lew-Williams about her book.
2025 JBF Gala for Goodâ„¢,November 7,New York,,,,,https://eventlume.com/events/new-york/2025-jbf-gala-for-good-1066015,,Celebration of chefs and culinary leaders for a sustainable future.
ArtsLink Assembly 2025: Defending Each Other,November 6 - November 7,New York,,,,,https://eventlume.com/events/new-york/artslink-assembly-2025-defending-each-other-1908937,,A national gathering focused on supporting artists at risk.
Dinner: North Fork Catch: A Sensational Seafood Dinner,"Wednesday, November 5",New York,,,,,https://eventlume.com/events/new-york/dinner-north-fork-catch-a-sensational-seafood-dinner-1964269,,Enjoy a unique bay-to-plate seafood dinner experience.
The Breakfast Club: 40th Anniversary,November 9,New York,,,,,https://eventlume.com/events/new-york/the-breakfast-club-40th-anniversary-2036305,,Celebrate the 40th anniversary of The Breakfast Club.
Stand Up for Heroes,November 10,New York,,,,,https://eventlume.com/events/new-york/stand-up-for-heroes-2136421,,"A night of hope, healing, and laughter honoring veterans."
Works & Process presents Alvin Ailey American Dance Theater with Alicia Graf Mack,November 10,New York,,,,,https://eventlume.com/events/new-york/works-process-presents-alvin-ailey-american-dance-theater-with-alicia-graf-mack-2224783,,A performance by Alvin Ailey American Dance Theater.
"Films at the Museum: ""The Last Twins"" Screening and Talkback",November 6,New York,,,,,https://eventlume.com/events/new-york/films-at-the-museum-the-last-twins-screening-and-talkback-2253169,,A screening and talkback of 'The Last Twins' film.
Wednesdays at One: Vocal Arts,"Wednesday, November 5","Lincoln Center, New York",,,,,https://eventlume.com/events/new-york/wednesdays-at-one-vocal-arts-2273527,,An afternoon of art song featuring vocal arts students.
EXHIBITION OPENING | Through the Neighborhood: Murray Hill in Art,November 6,"Murray Hill, New York",Manhattan,Murray Hill,40.7478,-73.9754,https://eventlume.com/events/new-york/exhibition-opening-through-the-neighborhood-murray-hill-in-art-2309491,,An exhibition celebrating the legacy of Murray Hill in art.
"Photo-Op with Vir Das at B&N 5th Ave, NYC!",November 6,"Barnes & Noble 5th Avenue, New York",,,,,https://eventlume.com/events/new-york/photo-op-with-vir-das-at-b-n-5th-ave-nyc-2315125,,Join comedian Vir Das for a photo-op event.
AS IT IS with Cherie Amour and Bearings,November 8 - November 9,New York,,,,,https://eventlume.com/events/new-york/as-it-is-with-cherie-amour-and-bearings-1341019,,Witness the AS IT IS concert in New York with Cherie Amour and Bearings.
Tour The Winter Show,"Saturday, January 31",New York,,,,,https://eventlume.com/events/new-york/tour-the-winter-show-1775791,,"A private tour of America's leading art, antiques, and design fair."
The Goo Goo Dolls and Marc Roberge,November 9 - November 10,New York,,,,,https://eventlume.com/events/new-york/the-goo-goo-dolls-and-marc-roberge-1837243,,Enjoy The Goo Goo Dolls concert featuring Marc Roberge.
The Moth Education Showcase,"Wednesday, November 5",New York,,,,,https://eventlume.com/events/new-york/the-moth-education-showcase-1926847,,An evening of impactful stories from education.
Speaking in Tongues; How Love Sounds,November 6,New York,,,,,https://eventlume.com/events/new-york/speaking-in-tongues-how-love-sounds-2017027,,A performance featuring works by Paul Taylor and Hope Boykin.
Signing Line Event - Sean Ono Lennon: War is Over!,November 7,"Strand Book Store, New York",,,,,https://eventlume.com/events/new-york/signing-line-event-sean-ono-lennon-war-is-over-2180665,,Join Sean Ono Lennon for a book signing event.
Signing with AJ Wolfe for DISNEY ADULTS,November 7,New York,,,,,https://eventlume.com/events/new-york/signing-with-aj-wolfe-for-disney-adults-2201545,,Join AJ Wolfe for a book signing event.
"Psychoanalysis and Society: Erich Fromm, Fascism, and the Holocaust","Wednesday, November 5",New York,,,,,https://eventlume.com/events/new-york/psychoanalysis-and-society-erich-fromm-fascism-and-the-holocaust-2201653,,Discussion on Erich Fromm's views on fascism and the Holocaust.
The Great Gatsby,"Friday, March 29 onwards","Broadway, New York",,,,,https://eventlume.com/events/new-york/the-great-gatsby-94447,,A Broadway musical adaptation of F. Scott Fitzgerald's novel.
Meet the Tree Day at Rockefeller Center,"November 8, 2025 at 10:00 AM","Rockefeller Center, Midtown Manhattan",Manhattan,Midtown,40.7549,-73.984,https://www.rockefellercenter.com/events/#november,https://www.rockefellercenter.com/events/#november,"Celebrate the arrival of the Norway Spruce with family-friendly events including letters to Santa, a meet and greet with Snoopy, and Make-Your-Own Snoopy Station via Build-A-Bear."
Bank of America Winter Village at Bryant Park,Now open - ongoing,"Bryant Park, NYC",,,,,,,"Holiday market featuring local artisans, decor, jewelry, toys, and festive offerings including photo booths and digital directories."
Macy's Holiday Square,"November 8, 2025",NYC,,,,,,,Holiday market with local artisans and festive offerings.
Union Square Holiday Market,"November 13, 2025","Union Square, NYC",Manhattan,Union Square,40.7359,-73.9911,,,Holiday market featuring local vendors and artisans.
Columbus Circle Holiday Market,"December 2, 2025","Columbus Circle, NYC",,,,,,,Holiday market with local vendors and festive offerings.
The Rink at Rockefeller Center,Now open,"Rockefeller Center, Midtown Manhattan",Manhattan,Midtown,40.7549,-73.984,https://secretnyc.co/rink-at-rockefeller-center-opens-october-2025/,,Ice skating rink now open at Rockefeller Center offering a classic NYC winter experience.
Wollman Rink,Now open,"Central Park, Manhattan",Manhattan,Central Park,40.7829,-73.9654,https://secretnyc.co/central-park-wollman-ice-rink-returns-october-guinness-world-record-challenge/,,Ice skating rink now open in Central Park offering a classic NYC winter experience.
SKATE at Domino Park,"November 10, 2025","Domino Park, Brooklyn, NYC",Brooklyn,,40.6782,-73.9442,,,Ice skating venue at Domino Park.
The Davis Center Ice Rink,"November 15, 2025","Central Park, Manhattan",Manhattan,Central Park,40.7829,-73.9654,https://secretnyc.co/davis-center-central-park-ice-skating-rink/,,Ice skating rink opening November 15th in Central Park.
Roebling Rink,"November 24, 2025","Brooklyn Bridge Park, Brooklyn",Brooklyn,Brooklyn Bridge Park,40.7018,-73.9967,https://secretnyc.co/roebling-rink-brooklyn-bridge-park-ice-skating-2025/,,Ice skating rink opening November 24th at Brooklyn Bridge Park.
Nightmare Before Christmas Light Trail,Ongoing through fall 2025,"New York Botanical Garden, Bronx, NYC",The Bronx,,40.8448,-73.8648,https://feverup.com/m/414167,https://feverup.com/m/414167,"Tim Burton-themed light trail featuring 8,300 square feet of Jack Skellington's world with tunnels, light projections, and the Oogie Boogie lair at the New York Botanical Garden."
Blood Manor Final Weekend,Final weekend - late fall 2025,NYC,,,,,https://feverup.com/m/411291,https://feverup.com/m/411291,"The city's most infamous haunted house featuring eerie costumes, creepy rooms, and jump scares during its final weekend before closing until 2026."
Monet and Venice,Ongoing,"Brooklyn Museum, Brooklyn",Brooklyn,,40.6782,-73.9442,https://secretnyc.co/monet-and-venice-brooklyn-museum-2025/,,"The largest exhibition of Monet's work in 25 years featuring over 100 pieces, books, and ephemera focusing on his Venetian paintings."
Beatbox Karaoke Bar,Ongoing,"West Village, Manhattan",Manhattan,West Village,40.7358,-74.0036,https://secretnyc.co/beatbox-karaoke-bar-lounge-nyc/,,"New karaoke bar in the West Village featuring private suites, multiple game modes, and food and drinks."
Sofia Coppola Film Screenings at MoMA,"Until November 15, 2025","MoMA, Midtown Manhattan",Manhattan,Midtown,40.7549,-73.984,https://www.moma.org/calendar/film/5858,https://www.moma.org/calendar/film/5858,"Screening of Sofia Coppola's films in 35mm including The Virgin Suicides, Lost In Translation, Marie Antoinette, Somewhere, The Bling Ring, The Beguiled, On The Rocks, and Priscilla."
Metro Cinema Private Screening Rooms,Now open,"Chelsea, Manhattan",Manhattan,Chelsea,40.7465,-74.0014,https://secretnyc.co/metro-cinema-nyc-private-luxury-screening-rooms-tim-league/,,Private luxury cinema screening experience in Chelsea with catered menu offerings including seasonal fall options and themed menus like AmÃ©lie with champagne toast.
One4One Sports Bar & Social Club,Ongoing,Manhattan,Manhattan,,40.7831,-73.9712,https://secretnyc.co/one4one-sports-bar-social-club-nyc/,,"New sports bar and social club in a renovated townhouse featuring a VIP lounge, sports viewing, and a secret entrance."
Secret NYC Book Club via Fable,Ongoing,Online,,,,,https://fable.co/club/secret-nyc-book-club-with-secret-nyc-473449218156,,Online book club community for discussing fall reading recommendations and literary selections.
Candlelight Concerts,Various,"Multiple locations including St. Ann and the Holy Trinity Church, Brooklyn Heights",Brooklyn,Brooklyn Heights,40.6955,-73.994,https://feverup.com/en/new-york/candlelight,https://feverup.com/en/new-york/candlelight,"String musicians perform classical renditions of favorite artists across genres including hip-hop, rock, pop, and country in stunning NYC locations like St. Ann's Church in Brooklyn Heights."
Various Movies,Ongoing,NYC movie theaters including IFC Center,,,,,https://secretnyc.co/movies-releasing-in-2025/,,"NYC theaters showing a wide variety of films including remakes, horror, family-friendly animation, and action franchises."
Banksy Museum,Ongoing,Manhattan,Manhattan,,40.7831,-73.9712,https://feverup.com/m/166660,https://feverup.com/m/166660,Exhibit dedicated to the elusive street artist featuring the largest collection of life-size murals ever reproduced with immersive projections.
Bryant Park Winter Igloos,"November 6, 2025 through January 4, 2026","Bryant Park, Midtown, NYC",Manhattan,Midtown,40.7549,-73.984,,,"Heated dome igloos at Bryant Park's Winter Village with festive food and drink like mulled wine and artisanal sausages, perfect aprÃ¨s-skating."
Beetlejuice on Broadway,Fall 2025,"Broadway Theater, Manhattan",Manhattan,,40.7831,-73.9712,https://secretnyc.co/beetlejuice-returning-to-broadway-fall-2025/,,The demon is back for a third and final time as the North American tour brings the musical to NYC.
Various Broadway Shows,Ongoing,"Broadway, NYC",,,,,https://secretnyc.co/upcoming-broadway-shows/,https://feverup.com/en/new-york/broadway-tickets,"Multiple Broadway productions including Harry Potter And The Cursed Child, Wicked, The Outsiders, and Stranger Things."
NYC Farmers Markets,Ongoing,Various locations throughout NYC,,,,,https://secretnyc.co/farmers-markets-nyc/,,"Local farmers markets offering farm-fresh produce, plants, and florals."
Date Nights at The Met,Friday and Saturday nights 5:00 PM - 9:00 PM,"Metropolitan Museum of Art, Manhattan",Manhattan,,40.7831,-73.9712,https://secretnyc.co/date-night-met-museum/,,"Evening outings at the Metropolitan Museum with outstanding art, drinks, music, and more on Friday and Saturday nights from 5-9pm."
Radio City Rockettes' Christmas Spectacular,"November 6, 2025 through January 4, 2026","Radio City Music Hall, Manhattan",Manhattan,,40.7831,-73.9712,https://secretnyc.co/radio-city-rockettes-christmas-spectacular-2025/,,"The Rockettes' iconic holiday show celebrating 100 years with new numbers, magical surprises, and high kicks."
The Met's Fridays Under 40,Fridays,"Metropolitan Opera House, Lincoln Center, Manhattan",Manhattan,,40.7831,-73.9712,https://secretnyc.co/enjoy-gorgeous-scenery-classic-stories-pre-show-celebrations-at-the-mets-fridays-under-40/,,"Opera performances at discounted rates for those under 40 including Le Nozze di Figaro, Antony and Cleopatra, and La BohÃ¨me."
Magic at the Clock Shop,Ongoing,"Carroll Gardens, Brooklyn",Brooklyn,Carroll Gardens,40.6787,-73.9991,https://secretnyc.co/greg-dubin-magic-at-the-clock-shop-brooklyn-watch-shop/,https://www.dubinmagic.com/,"Greg Dubin's close-up magic show hosted at Precision Clock & Watch repair shop facade, featuring sleight of hand tricks in a cozy venue."
Madame Morbid's Haunted Trolley Tours,"Through November 16, 2025","Brooklyn, NYC",Brooklyn,,40.6782,-73.9442,https://secretnyc.co/madame-morbids-haunted-trolley-tours-nyc/,,Haunted Victorian trolley ride through Brooklyn's hidden cemeteries and 400 years of dark history with the last chance to ride on November 16th.
The Twisted Spine Bookshop,Now open,"306 Grand St, Williamsburg, Brooklyn",Brooklyn,Williamsburg,40.7081,-73.9571,https://secretnyc.co/the-twisted-spine-nycs-first-horror-bookshop/,,"NYC's first-ever horror bookshop dedicated to horror and dark literature located in Williamsburg, Brooklyn."
IKEA Pop-up at Union Square,Ongoing,"Union Square, NYC",Manhattan,Union Square,40.7359,-73.9911,,,"Free immersive celebration of cooking, eating, and life at home with IKEA products and experiences."
Holiday Nostalgia Rides - Vintage 1930s Subway Cars,"Every Sunday in December 2025 at 10:00 AM, 12:00 PM, 2:00 PM, and 4:00 PM (from 2 Avâ€“Houston St) or 11:00 AM, 1:00 PM, 3:00 PM, and 5:00 PM (from 96 Stâ€“2 Av)","F Line: 2 Avâ€“Houston St to Lexington Avâ€“63 St and Q Line: Lexington Avâ€“63 St to 96 Stâ€“2 Av, NYC",,,,,https://www.nytransitmuseum.org/holidaynostalgiarides/,https://www.nytransitmuseum.org/holidaynostalgiarides/,"Whimsical, cheery ride aboard vintage 1930s train cars from the 1930s with period features like rattan seats, paddle ceiling fans, and original advertisements. Access via standard subway fare."
Down to Earth Park Slope Farmers Market,"November 6, 6 a.m. to 6 p.m.",4 STREET between 5 AVENUE and DEAD END Brooklyn,Brooklyn,,40.6782,-73.9442,https://www.nyc.gov/main/events/?permalinkName=down-to-earth-park-slope-farmers-market&id=815116&sequence=306,,"A farmers market in Park Slope, Brooklyn."
Norwood Farmstand Thursday,"November 6, 7 a.m. to 5 p.m.",EAST GUN HILL ROAD between DEKALB AVENUE and ROCHAMBEAU AVENUE Bronx,The Bronx,,40.8448,-73.8648,https://www.nyc.gov/main/events/?permalinkName=norwood-farmstand-thursday&id=815716&sequence=45,,A farmers market in the Bronx.
175 street Greenmarket Thursday,"November 6, 8 a.m. to 5 p.m.",WEST 175 STREET between BROADWAY and WADSWORTH AVENUE Manhattan,Manhattan,,40.7831,-73.9712,https://www.nyc.gov/main/events/?permalinkName=175-street-greenmarket-thursday&id=814636&sequence=20,,A greenmarket in Manhattan.
Borough Park Greenmarket Thursday,"November 6, 8 a.m. to 4 p.m.",14 AVENUE between 49 STREET and 50 STREET Brooklyn,Brooklyn,,40.6782,-73.9442,https://www.nyc.gov/main/events/?permalinkName=borough-park-greenmarket-thursday&id=814836&sequence=10,,"A greenmarket in Borough Park, Brooklyn."
"Columbia Thursday, Sunday Greenmarket","November 6, 8 a.m. to 5 p.m.",BROADWAY between WEST 113 STREET and WEST 116 STREET Manhattan,Manhattan,,40.7831,-73.9712,https://www.nyc.gov/main/events/?permalinkName=columbia-thursday-sunday-greenmarket&id=814976&sequence=89,,A greenmarket near Columbia University in Manhattan.
Queens Hospital Farmers Market,"November 6, 8 a.m. to 5 p.m.",164 STREET between 82 ROAD and GOETHALS AVENUE Queens,Queens,,40.7282,-73.7949,https://www.nyc.gov/main/events/?permalinkName=queens-hospital-farmers-market&id=815936&sequence=106,,A farmers market in Queens.
Total Body Fitness,"November 6, 8 a.m. to 9 a.m.",Gymnasium in St. John's Recreation Center,,,,,https://www.nyc.gov/main/events/?permalinkName=total-body-fitness&id=794556&sequence=1,,"A fun low-impact full-body workout including cardio, strength and balance exercises to improve overall fitness."
HHFM East Harlem Market,"November 6, 8:30 a.m. to 3 p.m.",EAST 104 STREET between THIRD AVENUE and SECOND AVENUE Manhattan,Manhattan,,40.7831,-73.9712,https://www.nyc.gov/main/events/?permalinkName=hhfm-east-harlem-market&id=815316&sequence=19,,"A farmers market in East Harlem, Manhattan."
"Arsenal Gallery: Vital Parks for All: Yesterday, Today, and Tomorrow","November 6, 9 a.m. to 5 p.m.",Arsenal in Central Park,Manhattan,Central Park,40.7829,-73.9654,https://www.nyc.gov/main/events/?permalinkName=arsenal-gallery-vital-parks-for-all-yesterday-today-and-tomorrow&id=798416&sequence=1,,An exhibition on the pivotal history and future of NYC parks.
Get health care support at MetroPlus Health Jackson Heights,"November 6, 9 a.m. to 5 p.m.",92-14 Roosevelt Avenue,,,,,https://www.nyc.gov/main/events/?permalinkName=get-health-care-support-at-metroplus-health-jackson-heights&id=814136&sequence=1,,Health insurance and health care support services.
St. Anthony Flea Market,"November 6, 9 a.m. to 6 p.m.",WEST HOUSTON STREET between THOMPSON STREET and MACDOUGAL STREET Manhattan,Manhattan,,40.7831,-73.9712,https://www.nyc.gov/main/events/?permalinkName=st-anthony-flea-market&id=816056&sequence=168,,A sidewalk sale in Manhattan.
Trail Work Thursdays,"November 6, 9 a.m. to 12 p.m.",VCPA Garden & Compost Site in Van Cortlandt Park,,,,,https://www.nyc.gov/main/events/?permalinkName=trail-work-thursdays&id=794916&sequence=1,,Community effort to maintain the trails in Van Cortlandt Park.
Will Varley,November 7,New York,,,,,https://eventlume.com/events/new-york/will-varley-1346779,,Don't miss the Will Varley concert in New York.
The Spinach King: An Evening with John Seabrook,November 7,New York,,,,,https://eventlume.com/events/new-york/the-spinach-king-an-evening-with-john-seabrook-2212885,,An evening with John Seabrook discussing his family history.
Harry Potter and the Chamber of Secretsâ„¢ in Concert,November 7 - November 8,New York,,,,,https://eventlume.com/events/new-york/harry-potter-and-the-chamber-of-secrets-in-concert-1405405,,A concert featuring the film with live orchestra.
Rae Khalil,November 7,"The Apollo Music CafÃ©, New York",,,,,https://eventlume.com/events/new-york/rae-khalil-1707571,,Rae Khalil performs at The Apollo Music CafÃ©.
New York: The Future of Cities,November 6,New York,,,,,https://eventlume.com/events/new-york/new-york-the-future-of-cities-1901701,,A talk featuring Ric Burns discussing New York's future.
Jay Kristoff discusses EMPIRE OF THE DAWN at Barnes & Noble Union Square,November 8,"Barnes & Noble Union Square, New York",Manhattan,Union Square,40.7359,-73.9911,https://eventlume.com/events/new-york/jay-kristoff-discusses-empire-of-the-dawn-at-barnes-noble-union-square-2044477,,Join bestselling author Jay Kristoff for a discussion and signing.
Wall Street Rocks,November 6,"Sony Hall, New York",,,,,https://eventlume.com/events/new-york/wall-street-rocks-2180107,,An epic night of music and fun at Sony Hall.
First Friday: Amarcord Movie Screening,November 7,"Poster House, New York",,,,,https://eventlume.com/events/new-york/first-friday-amarcord-movie-screening-2257147,,Join Poster House for a screening of Amarcord.
Cliona's Central Park Run New York,November 8,"Central Park, New York",Manhattan,Central Park,40.7829,-73.9654,https://eventlume.com/events/new-york/clionas-central-park-run-new-york-2315611,,A fundraising event in Central Park to support families in need.
12th Annual Saving the Elephants 5K & 10K Run/Walk,November 8,New York,,,,,https://eventlume.com/events/new-york/12th-annual-saving-the-elephants-5k-10k-run-walk-1836991,,Join the annual run/walk to support elephant conservation.
Coffeehouse Chronicles #181: Karen Malpede -into the future.,November 8,New York,,,,,https://eventlume.com/events/new-york/coffeehouse-chronicles-181-karen-malpede-into-the-future-2038105,,An exploration of Karen Malpede's work and memoir.
World Premiere of Alien of Extraordinary,November 9,New York,,,,,https://eventlume.com/events/new-york/world-premiere-of-alien-of-extraordinary-2183131,,A dance theatre piece exploring the immigrant artist's journey.
Nineteenth Annual Brooklyn Children's Book Fair,November 9,Brooklyn,Brooklyn,,40.6782,-73.9442,https://eventlume.com/events/new-york/nineteenth-annual-brooklyn-childrens-book-fair-2254699,,Celebrate the joy of storytelling at the Nineteenth Annual Brooklyn Children's Book Fair!
Mike Ward,November 7,New York,,,,,https://eventlume.com/events/new-york/mike-ward-2270557,,Mike Ward is a prominent figure in Quebec humor.
Cover Stories: A Conversation with Jeannine Saba and Ruth Marten,November 6,New York,,,,,https://eventlume.com/events/new-york/cover-stories-a-conversation-with-jeannine-saba-and-ruth-marten-2271781,,A celebration of ten years of The Covent Gardener magazine.
Mid-Winter Recess in Prospect Park,November 6,"Prospect Park, Brooklyn",Brooklyn,,40.6782,-73.9442,https://eventlume.com/events/new-york/mid-winter-recess-in-prospect-park-856009,,Join Prospect Park Alliance for nature education programs during Mid-Winter Recess.
RenÃ©e Neufville,November 8,New York,,,,,https://eventlume.com/events/new-york/ren%C3%A9e-neufville-1707589,,An evening with Grammy-nominated singer RenÃ©e Neufville.
Bank of America Winter Village at Bryant Park,Now open,"Bryant Park, Midtown Manhattan",Manhattan,Midtown,40.7549,-73.984,,,"Holiday market now open featuring local artisans selling decor, jewelry, toys, and more with photo booths and digital directories."
Macy's Holiday Square,"November 8, 2025","Macy's, New York City",,,,,,,Holiday market with local artisans and festive shopping offerings.
Union Square Holiday Market,"November 13, 2025","Union Square, New York City",Manhattan,Union Square,40.7359,-73.9911,,,"Holiday market featuring local artisans, decor, jewelry, toys, and seasonal offerings."
Columbus Circle Holiday Market,"December 2, 2025","Columbus Circle, New York City",,,,,,,Holiday market with local artisans and festive shopping offerings.
SKATE at Domino Park,"November 10, 2025","Domino Park, Williamsburg, Brooklyn",Brooklyn,Williamsburg,40.7081,-73.9571,,,Ice skating rink at Domino Park.
Nightmare Before Christmas Light Trail at New York Botanical Garden,Fall 2025,"New York Botanical Garden, Bronx",The Bronx,,40.8448,-73.8648,https://secretnyc.co/nightmare-before-christmas-light-trail-nybg/,https://feverup.com/m/414167,"Tim Burton-themed adventure featuring 8,300 square feet of Jack Skellington's world with tunnels, light projections, and the Oogie Boogie lair."
Blood Manor Final Weekend,Weekend (date not fully specified),New York City,,,,,,https://feverup.com/m/411291,"NYC's infamous haunted house featuring eerie costumes, creepy rooms, and jump scares. Final weekend before 2026 reopening."
Monet and Venice at Brooklyn Museum,2025 (ongoing),"Brooklyn Museum, Brooklyn",Brooklyn,,40.6782,-73.9442,https://secretnyc.co/monet-and-venice-brooklyn-museum-2025/,,"Exhibition featuring over 100 pieces of Claude Monet's Venetian paintings, books, and ephemera. The largest Monet exhibit in New York in 25 years."
One4One Sports Bar and Social Club,Now open,New York City,,,,,https://secretnyc.co/one4one-sports-bar-social-club-nyc/,,"New sports bar and social club in a historic townhouse offering VIP lounge and secret entrance way, described as a destination for sports fans and community."
Banksy Museum,Ongoing,New York City,,,,,,https://feverup.com/m/166660,Museum dedicated to street artist Banksy featuring the largest collection of life-size murals ever reproduced with immersive projections and visual elements.
Bryant Park Winter Igloos,"November 6, 2025 through January 4, 2026","Bryant Park, Midtown Manhattan",Manhattan,Midtown,40.7549,-73.984,,,"Heated domes at Bryant Park's Winter Village offering festive food and drink including mulled wine and artisanal sausages, surrounded by twinkling lights."
The Met Opera - Fridays Under 40 Program,Fridays ongoing,"Metropolitan Opera House, Lincoln Center, Upper West Side",Manhattan,Upper West Side,40.787,-73.9754,https://secretnyc.co/enjoy-gorgeous-scenery-classic-stories-pre-show-celebrations-at-the-mets-fridays-under-40/,,"Discounted opera tickets for patrons under 40 featuring classics like Le Nozze di Figaro, Antony and Cleopatra, and La BohÃ¨me with sophisticated evening experience."
Magic at the Clock Shop with Greg Dubin,Ongoing (by reservation),"Precision Clock & Watch Repair, Carroll Gardens, Brooklyn",Brooklyn,Carroll Gardens,40.6787,-73.9991,https://secretnyc.co/greg-dubin-magic-at-the-clock-shop-brooklyn-watch-shop/,https://www.dubinmagic.com/,"Close-up magic parlor hidden behind a clock repair shop facade in Carroll Gardens, Brooklyn featuring sleight of hand tricks, drinks, and cozy vintage decor."
Madame Morbid's Haunted Trolley Tour,"Until November 16, 2025",Brooklyn,Brooklyn,,40.6782,-73.9442,https://secretnyc.co/madame-morbids-haunted-trolley-tours-nyc/,https://secretnyc.co/madame-morbids-haunted-trolley-tours-nyc/,Haunted Victorian trolley ride through Brooklyn's most haunted sites and cemeteries with 400 years of dark history. Last chance is November 16th.
IKEA Pop-Up in Union Square,Ongoing,"Union Square, New York City",Manhattan,Union Square,40.7359,-73.9911,,,"Free immersive celebration of cooking, eating, and life at home featuring IKEA products and experiences."
Holiday Nostalgia Rides - NYC Vintage Subway,Every Sunday in December 2025 from 10:00 AM to 5:00 PM,Departing from 2 Avâ€“Houston St (uptown F line) and 96 Stâ€“2 Av (Q line),,,,,https://www.nytransitmuseum.org/holidaynostalgiarides/,https://www.nytransitmuseum.org/holidaynostalgiarides/,Ride in vintage 1930s Independent Subway System cars (R1/9s) that inspired Billy Strayhorn's 'Take the A Train' for a magical journey through history and holiday magic.
Farmers Markets in NYC,Ongoing,Multiple locations throughout NYC,,,,,https://secretnyc.co/farmers-markets-nyc/,,"Local farmers markets offering fresh farm produce, plants, and florals throughout New York City."
Broadway Shows,Ongoing,"Broadway Theaters, Manhattan",Manhattan,,40.7831,-73.9712,https://secretnyc.co/upcoming-broadway-shows/,https://feverup.com/en/new-york/broadway-tickets,"Various amazing productions including Harry Potter And The Cursed Child, Wicked, The Outsiders, and Stranger Things."
Movies at NYC Theaters,Ongoing,Multiple movie theaters throughout NYC,,,,,https://secretnyc.co/movies-releasing-in-2025/,,"New and upcoming films releasing in 2025 including remakes, horror films, family-friendly animation, and action franchises."
It's My Park at Peter Detmold Park,"November 6, 2025, 11:00 AM - 2:00 PM","Peter Detmold Park, Manhattan",Manhattan,,40.7831,-73.9712,https://www.nycgovparks.org/events/2025/11/06/its-my-park-at-peter-detmold-park,,Volunteers from Peter Detmold Dog Run will be doing a general cleanup including raking and weeding.
Public Gallery Tour,"November 6, 2025, 2:00 PM - 3:00 PM","Wave Hill, Bronx",The Bronx,,40.8448,-73.8648,https://www.nycgovparks.org/events/2025/11/06/public-gallery-tour,,"Solo and group exhibitions at Glyndor Gallery explore the dynamic relationships between nature, culture, and site."
Flag Football,"November 6, 2025, 4:00 PM - 6:00 PM","Game Room (in Williamsbridge Oval Recreation Center), Bronx",The Bronx,,40.8448,-73.8648,https://www.nycgovparks.org/events/2025/11/06/flag-football3,,Join NYC Parks for a fun filled experience in building your fundamentals of Flag Football. participants will be able to build their skills in this supervised environment.
Latin Beats Dance Fitness,"November 6, 2025, 4:30 PM - 5:15 PM","Hillside Arts and Letters Academy, Queens",Queens,,40.7282,-73.7949,https://www.nycgovparks.org/events/2025/11/06/latin-beats-dance-fitness,,You are invited to a Latin fitness party!
Thursday Monster Movie Night: House on Haunted Hill (Rated PG-13),"November 6, 2025, 5:30 PM - 8:00 PM","Herbert Von King Cultural Arts Center (in Herbert Von King Cultural Arts Center), Brooklyn",Brooklyn,,40.6782,-73.9442,https://www.nycgovparks.org/events/2025/11/06/thursday-monster-movie-night-house-on-haunted-hill-rated-pg13,,Come enjoy a FREE spooky monster movie night at Herbert Von King Cultural Arts Center on Thursdays this fall season! The movie shown will be House on Haunted Hill (Rated PG-13).
Hip House Cardio,"November 6, 2025, 5:30 PM - 6:30 PM","Fit4Dance NYC, Brooklyn",Brooklyn,,40.6782,-73.9442,https://www.nycgovparks.org/events/2025/11/06/hip-house-cardio,,Hip House is an upbeat dance aerobics workout that fuses Old School Hip-Hop and House vibes to improve cardio fitness and tone the body.
Bodyweight Circuit Training,"November 6, 2025, 5:45 PM - 6:30 PM","NYPL - George Bruce, Manhattan",Manhattan,,40.7831,-73.9712,https://www.nycgovparks.org/events/2025/11/06/bodyweight-circuit-training,,This circuit training class combines bodyweight resistance training and conditioning to provide you with a dynamic full-body workout.
Cardio Circuit Blast,"November 6, 2025, 6:00 PM - 7:00 PM","Gymnasium (in Highbridge Recreation Center), Manhattan",Manhattan,,40.7831,-73.9712,https://www.nycgovparks.org/events/2025/11/06/cardio-circuit-blast,,This high-energy total body workout will keep you moving with challenging yet fun bodyweight circuits.
Cardio Sculpt,"November 6, 2025, 6:00 PM - 7:00 PM","Queens Public Library - Sunnyside, Queens",Queens,Long Island City,40.7447,-73.9485,https://www.nycgovparks.org/events/2025/11/06/cardio-sculpt1,,This cardio workout consists of functional movement exercises designed to make daily activities easier to perform.
Zumba,"November 6, 2025, 6:00 PM - 7:00 PM","Queens Public Library - Broadway, Queens",Queens,Long Island City,40.7447,-73.9485,https://www.nycgovparks.org/events/2025/11/06/zumba2,,"Zumba is a fusion of Latin, International and popular music dance themes creating a dynamic, exciting, effective fitness system!"
Low Impact Bodyweight Circuit Training,"November 6, 2025, 6:00 PM - 7:00 PM","Queens Public Library - Astoria, Queens",Queens,Astoria,40.7644,-73.9235,https://www.nycgovparks.org/events/2025/11/06/low-impact-bodyweight-circuit-training,,Mobilize and restore your body's movement capacity with this evenly-paced class designed for beginners and those who prefer a low level of intensity.
Zumba,"November 6, 2025, 6:00 PM - 7:00 PM","Queens Public Library - East Elmhurst, Queens",Queens,Long Island City,40.7447,-73.9485,https://www.nycgovparks.org/events/2025/11/06/zumba1,,"Zumba is a fusion of Latin, International and popular music dance themes creating a dynamic, exciting, effective fitness system!"
Gentle Yoga,"November 6, 2025, 6:00 PM - 7:00 PM","Queens Public Library - Bayside, Queens",Queens,Long Island City,40.7447,-73.9485,https://www.nycgovparks.org/events/2025/11/06/gentle-yoga,,"A therapeutic yet powerful series of balancing, stretching, easy back bending, twisting, and mild inverted postures, concluding with a guided relaxation."
Zumba,"November 6, 2025, 6:00 PM - 7:00 PM","Queens Public Library - Corona, Queens",Queens,Long Island City,40.7447,-73.9485,https://www.nycgovparks.org/events/2025/11/06/zumba,,"Zumba is a fusion of Latin, International and popular music dance themes creating a dynamic, exciting, effective fitness system!"
Slow Flow Yoga,"November 6, 2025, 6:00 PM - 7:15 PM","Dance Room (in Hamilton Fish Recreation Center), Manhattan",Manhattan,,40.7831,-73.9712,https://www.nycgovparks.org/events/2025/11/06/slow-flow-yoga,,"Connect with yourself in Slow Flow Yoga, a class to be enjoyed by all."
CANCELED: SharQui- The Bellydance Workout,"November 6, 2025, 6:00 PM - 7:00 PM","Multi-Use Room D (in McCarren Play Center), Brooklyn",Brooklyn,,40.6782,-73.9442,https://www.nycgovparks.org/events/2025/11/06/sharqui-the-bellydance-workout,,"In a SharQui class, you'll learn new moves and combinations in flow."
Full Body Circuit Training,"November 6, 2025, 6:30 PM - 7:30 PM","Dance Room (in Chelsea Recreation Center), Manhattan",Manhattan,Chelsea,40.7465,-74.0014,https://www.nycgovparks.org/events/2025/11/06/full-body-circuit-training,,This circuit training class combines both resistance and bodyweight exercises to provide you with a dynamic full body workout.
Gentle Yoga Flow,"November 6, 2025, 6:30 PM - 7:30 PM","Multi-Use Room (in Williamsbridge Oval Recreation Center), Bronx",The Bronx,,40.8448,-73.8648,https://www.nycgovparks.org/events/2025/11/06/gentle-yoga-flow,,End your day with a 60-minute yoga class.
Body in Motion,"November 6, 2025, 6:30 PM - 7:15 PM","Stage (in Hunts Point Recreation Center), Bronx",The Bronx,Hunts Point,40.8129,-73.8831,https://www.nycgovparks.org/events/2025/11/06/body-in-motion,,This high-energy total body workout is open to all fitness levels and will keep you moving with fun and challenging bodyweight circuits.
NYRR Open Run: Flushing Meadows Corona Park,"November 6, 2025, 7:00 PM - 9:00 PM","United Nations Ave South Entrance (in Flushing Meadows Corona Park), Queens",Queens,Flushing,40.7676,-73.8333,https://www.nycgovparks.org/events/2025/11/06/nyrr-open-run-flushing-meadows-corona-park1,,"One of the city's most iconic parks, Flushing Meadows Corona Park was the site of two 20th-century World's Fairs."
Bootcamp,"November 6, 2025, 7:00 PM - 8:00 PM","Multi-Use Room (in Greenbelt Recreation Center), Staten Island",Staten Island,,40.5795,-74.1502,https://www.nycgovparks.org/events/2025/11/06/bootcamp,,"This fun low-impact full-body workout includes cardio, strength and balance exercises to improve your overall fitness."
Virtual Zumba,"November 6, 2025, 7:30 PM - 8:30 PM",Virtual/Online Events,,,,,https://www.nycgovparks.org/events/2025/11/06/virtual-zumba,,"Zumba is a fusion of Latin, International and popular music dance themes creating a dynamic, exciting, effective fitness system!"
Line Dancing,"November 7, 2025, 8:00 AM - 10:00 AM","Multipurpose Room (in Betsy Head Park), Brooklyn",Brooklyn,,40.6782,-73.9442,https://www.nycgovparks.org/events/2025/11/07/line-dancing,,The line dance incorporates low impact dances that are very easy to learn and enjoy!
"Arsenal Gallery: Vital Parks for All: Yesterday, Today, and Tomorrow","November 7, 2025, 9:00 AM - 5:00 PM","Arsenal (in Central Park), Manhattan",Manhattan,Central Park,40.7829,-73.9654,https://www.nycgovparks.org/events/2025/11/07/arsenal-gallery-vital-parks-for-all-yesterday-today-and-tomorrow,,"Vital Parks for All: Yesterday, Today, and Tomorrow is an exhibition on the pivotal role the NYC Parks system has played in the vitality, health, and livability of the city throughout the past eight decades."
It's My Park at Andrew Haswell Green Park,"November 7, 2025, 9:00 AM - 10:30 AM","Andrew Haswell Green Park, Manhattan",Manhattan,,40.7831,-73.9712,https://www.nycgovparks.org/events/2025/11/07/its-my-park-at-andrew-haswell-green-park,,Volunteers from Green Park Gardeners NYC will do a general cleanup including raking and weeding at Andrew Haswell Green Park.
Zumba GoldÂ®,"November 7, 2025, 9:00 AM - 10:00 AM","Dance Room (in Constance Baker Motley Recreation Center), Manhattan",Manhattan,,40.7831,-73.9712,https://www.nycgovparks.org/events/2025/11/07/zumba-gold,,"Zumba GoldÂ® offers a low-impact workout set to a fusion of Latin, International and popular music dance themes, creating a dynamic, exciting, effective fitness system!"
Interval Walking Sessions,"November 7, 2025, 9:00 AM - 10:00 AM","Athletic Courts (in Torsney Playground), Queens",Queens,,40.7282,-73.7949,https://www.nycgovparks.org/events/2025/11/07/interval-walking-sessions,,"Interval Walking Sessions consist of three segments: brisk, slow and a bodyweight exercise."
Veterans Day Celebration at Forest Park!,"November 7, 2025, 9:45 AM - 12:00 PM","Buddy Monument (in Forest Park), Queens",Queens,,40.7282,-73.7949,https://www.nycgovparks.org/events/2025/11/07/veterans-day-celebration-at-forest-park,,"Celebrate Veterans Day with the Richmond hill historical Society, Councilmember, Joann Ariola's office, the Forest Park trust & NYC Parks."
Total Body Fitness,"November 7, 2025, 10:30 AM - 11:15 AM",Tilden Senior Center,,,,,https://www.nycgovparks.org/events/2025/11/07/total-body-fitness,,"This fun low-impact full-body workout includes cardio, strength and balance exercises to improve your overall fitness."
Ongoing Outdoor Museum Exhibit: Alice's Terracotta Garden,"November 7, 2025, 11:00 AM - 3:00 PM","H.H. Biddle House (in Conference House Park), Staten Island",Staten Island,,40.5795,-74.1502,https://www.nycgovparks.org/events/2025/11/07/ongoing-museum-exhibit-alices-terracotta-garden,,Terra cotta sculpture garden featuring antique architectural ornaments from Tottenville's Atlantic Terra Cotta Co. (west side lawn of Biddle House). NYC Parks and the Tottenville Historical Society invite you to visit a unique collection of terracotta artifacts that chronicle turn-of-the-twentieth-century architectural styles common in New York City and across the United States.
Ongoing Museum Exhibit: Artist & Sculptor Donna Napoli-Steele: Out of the Box Biodiversity,"November 7, 2025, 11:00 AM - 3:00 PM","H.H. Biddle House (in Conference House Park), Staten Island",Staten Island,,40.5795,-74.1502,https://www.nycgovparks.org/events/2025/11/07/ongoing-museum-exhibit-artist-sculptor-donna-napolisteele-out-of-the-box-biodiversity,,"Donna Napoli-Steele Presents this art exhibit showcasing various forms of art pieces including sculptures, clay, watercolor, and paint."
Ongoing Museum Exhibit: New York's Brick & Terra Cotta Industries,"November 7, 2025, 11:00 AM - 3:00 PM","H.H. Biddle House (in Conference House Park), Staten Island",Staten Island,,40.5795,-74.1502,https://www.nycgovparks.org/events/2025/11/07/ongoing-museum-exhibit-new-yorks-brick-terra-cotta-industries,,NYC Parks and the Tottenville Historical Society invite you to visit a unique collection of terracotta artifacts and masonry bricks that chronicle turn-of-the-twentieth-century architectural styles common.
Ongoing Museum Exhibit: Out of the Box Biodiversity: Student Art,"November 7, 2025, 11:00 AM - 3:00 PM","Rutan-Becket House (in Conference House Park), Staten Island",Staten Island,,40.5795,-74.1502,https://www.nycgovparks.org/events/2025/11/07/ongoing-museum-exhibit-out-of-the-box-biodiversity-student-art,,"Out Of The Box Biodiversity Upcycled Cardboard Sculpture, Raku Fired Clay, Watercolor, Pen & Ink. Donna Napoli-Steele Presents Youth Art Featuring Pieces Completed by her Students."
Ongoing Museum Exhibit: Still Waters: Reflections of a Maritime Community,"November 7, 2025, 11:00 AM - 3:00 PM","Rutan-Becket House (in Conference House Park), Staten Island",Staten Island,,40.5795,-74.1502,https://www.nycgovparks.org/events/2025/11/07/ongoing-museum-exhibit-still-waters-reflections-of-a-maritime-community,,NYC Parks and the Tottenville Historical Society invite you to an exhibit celebrating the South Shore of Staten Island's maritime history and heritage.
Yoga,"November 7, 2025, 11:00 AM - 12:00 PM",Brooklyn Public Library - Sheepshead Bay,Brooklyn,Sheepshead Bay,40.5872,-73.9393,https://www.nycgovparks.org/events/2025/11/07/yoga,,"Connect with yourself in Yoga with Nicole, a class to be enjoyed by all."
The Dry Down Club Fragrance Crawl,December 3 2:00 PM,Scent Bar NYC,,,,,https://luma.com/dehsa659,,Fragrance crawl by The Dry Down Club at Scent Bar NYC.
Macy's Holiday Square,"November 8, 2025","Macy's, Manhattan",Manhattan,,40.7831,-73.9712,,,Holiday market opening November 8th with local vendors and festive offerings.
Union Square Holiday Market,"November 13, 2025","Union Square, Manhattan",Manhattan,Union Square,40.7359,-73.9911,,,Holiday market opening November 13th featuring local artisans and holiday gifts.
Columbus Circle Holiday Market,"December 2, 2025","Columbus Circle, Manhattan",Manhattan,,40.7831,-73.9712,,,Holiday market opening December 2nd with local vendors and festive shopping.
SKATE at Domino Park,"November 10, 2025","Domino Park, Brooklyn",Brooklyn,,40.6782,-73.9442,,,Ice skating rink opening November 10th at Domino Park in Brooklyn.
Nightmare Before Christmas Light Trail at New York Botanical Garden,Ongoing,"New York Botanical Garden, Bronx",The Bronx,,40.8448,-73.8648,https://feverup.com/m/414167,https://feverup.com/m/414167,"Tim Burton-themed light trail featuring 8,300 square feet of Jack Skellington's world with tunnels, light projections, and the Oogie Boogie lair."
Blood Manor's Final Weekend,Final weekend (dates not specified),Manhattan,Manhattan,,40.7831,-73.9712,https://feverup.com/m/411291,https://feverup.com/m/411291,"Last weekend before the haunted house closes until 2026, featuring eerie costumes, creepy rooms, and jump scares."
Sofia Coppola Films at MoMA,"Through November 15, 2025","MoMA, Manhattan",Manhattan,,40.7831,-73.9712,https://secretnyc.co/sofia-coppola-screenings-moma/,https://www.moma.org/calendar/film/5858,"Screening of Sofia Coppola's filmography in 35mm including The Virgin Suicides, Lost In Translation, Marie Antoinette, Somewhere, The Bling Ring, The Beguiled, On The Rocks, and Priscilla."
Metro Cinema,Ongoing,"Chelsea, Manhattan",Manhattan,Chelsea,40.7465,-74.0014,https://secretnyc.co/metro-cinema-nyc-private-luxury-screening-rooms-tim-league/,,Private luxury screening rooms offering personalized movie experiences with catered food and drink including seasonal and thematic menus.
Secret NYC Book Club,Ongoing,Online,,,,,https://fable.co/club/secret-nyc-book-club-with-secret-nyc-473449218156,https://fable.co/club/secret-nyc-book-club-with-secret-nyc-473449218156,Book club via Fable featuring fall reading recommendations and community discussion.
Candlelight Concert,Ongoing,"St Ann's Church, Brooklyn Heights and other NYC locations",Brooklyn,Brooklyn Heights,40.6955,-73.994,https://feverup.com/en/new-york/candlelight,https://feverup.com/en/new-york/candlelight,"String musicians perform classical renditions of favorite artists including ABBA, Adele, Taylor Swift, and Queen in stunning NYC locations."
Movies Releasing in 2025,Ongoing throughout 2025,NYC theaters,,,,,https://secretnyc.co/movies-releasing-in-2025/,,"Upcoming films including remakes, horror movies, family-friendly animation, and action franchises."
Winter Igloos at Bryant Park,"November 6, 2025 through January 4, 2026","Bryant Park, Manhattan",Manhattan,,40.7831,-73.9712,,,Heated domed igloos at the Winter Village with festive food and drink including mulled wine and artisanal sausages.
Farmers Markets,Ongoing,Various NYC locations,,,,,https://secretnyc.co/farmers-markets-nyc/,,"Local farmers markets offering farm-fresh produce, plants, and florals."
Madame Morbid's Haunted Trolley,"Through November 16, 2025",Brooklyn,Brooklyn,,40.6782,-73.9442,https://secretnyc.co/madame-morbids-haunted-trolley-tours-nyc/,https://secretnyc.co/madame-morbids-haunted-trolley-tours-nyc/,Haunted Victorian trolley tour through Brooklyn's hidden cemeteries and 400 years of dark history.
The Twisted Spine,Ongoing,"306 Grand Street, Brooklyn",Brooklyn,,40.6782,-73.9442,https://secretnyc.co/the-twisted-spine-nycs-first-horror-bookshop/,,NYC's first-ever bookshop dedicated to horror and dark literature offering new reads in a unique setting.
IKEA Pop-up in Union Square,Ongoing,"Union Square, Manhattan",Manhattan,Union Square,40.7359,-73.9911,https://secretnyc.co/ikea-nyc-soho-opening-former-nike-store/,,"Extended IKEA pop-up described as a free, immersive celebration of cooking, eating, and life at home."
Holiday Nostalgia Rides,Every Sunday in December from 10:00 AM to 5:00 PM,"2 Avenueâ€“Houston Street (F line) and 96 Streetâ€“2 Avenue (Q line), Manhattan",Manhattan,,40.7831,-73.9712,https://www.nytransitmuseum.org/holidaynostalgiarides/,https://www.nytransitmuseum.org/holidaynostalgiarides/,"Step aboard vintage 1930s train cars for a whimsical, cheery ride celebrating the magic of NYC holidays."
